Symbol,Company Name (EN),Company Name (TH),Industry,Sector,Stakeholder 1,Share % 1,Stakeholder 2,Share % 2,Stakeholder 3,Share % 3,Stakeholder 4,Share % 4,Stakeholder 5,Share % 5
ADVANC,ADVANCED INFO SERVICE PUBLIC COMPANY LIMITED,บริษัท แอดวานซ์ อินโฟร์ เซอร์วิส จำกัด (มหาชน),TECH,ICT,บริษัท  กัลฟ์ ดีเวลลอปเมนท์ จำกัด (มหาชน),40.44,SINGTEL STRATEGIC INVESTMENTS PTE LTD.,19.1,Thai NVDR Company Limited,7.63,RAFFLE NOMINEES (PTE) LTD S/A SINGTEL STRATEGIC INVESTMENTS PTE LTD.,5.67,กองทุนรวม  วายุภักษ์หนึ่ง,2.97
AOT,AIRPORTS OF THAILAND PUBLIC COMPANY LIMITED,บริษัท ท่าอากาศยานไทย จำกัด (มหาชน),SERVICE,TRANS,กระทรวงการคลัง,70.0,Thai NVDR Company Limited,3.28,กองทุนรวม  วายุภักษ์หนึ่ง,2.42,SOCIAL SECURITY OFFICE,1.37,SOUTH EAST ASIA UK (TYPE C) NOMINEES LIMITED,1.2
AWC,ASSET WORLD CORP PUBLIC COMPANY LIMITED,บริษัท แอสเสท เวิรด์ คอร์ป จำกัด (มหาชน),PROPCON,PROP,บริษัท  ทีซีซี บริหารธุรกิจ จำกัด,44.96,"TCC RETAIL CO.,LTD",29.98,NOMURA SINGAPORE LIMITED-CUSTOMER SEGREGATED ACCOUNT,4.47,UBS AG SINGAPORE BRANCH - FOR CLIENTS' ACCOUNTS,2.16,กองทุนรวม  วายุภักษ์หนึ่ง,1.91
BANPU,BANPU PUBLIC COMPANY LIMITED,บริษัท บ้านปู จำกัด (มหาชน),RESOURC,ENERG,บริษัท  น้ำตาลมิตรผล จำกัด,8.26,Thai NVDR Company Limited,8.09,SOUTH EAST ASIA UK (TYPE C) NOMINEES LIMITED,2.83,นาย ประทีป ตั้งมติธรรม,1.84,บริษัท  ทุนมิตรสยาม จำกัด,1.73
BBL,BANGKOK BANK PUBLIC COMPANY LIMITED,ธนาคารกรุงเทพ จำกัด (มหาชน),FINCIAL,BANK,Thai NVDR Company Limited,23.38,บริษัท  ซิตี้เรียลตี้ จำกัด,4.7,SOCIAL SECURITY OFFICE,4.0,STATE STREET EUROPE LIMITED,2.73,STATE STREET BANK AND TRUST COMPANY,2.51
BDMS,BANGKOK DUSIT MEDICAL SERVICES PUBLIC COMPANY LIMITED,บริษัท กรุงเทพดุสิตเวชการ จำกัด(มหาชน),SERVICE,HELTH,Thai NVDR Company Limited,9.7,MR. Prasert Prasarttong-osoth,9.18,น.ส. ปรมาภรณ์ ปราสาททองโอสถ,5.91,The Viriyah Insurance Public Company limited,4.27,SOUTH EAST ASIA UK (TYPE C) NOMINEES LIMITED,3.78
BEM,BANGKOK EXPRESSWAY AND METRO  PUBLIC COMPANY LIMITED,บริษัท ทางด่วนและรถไฟฟ้ากรุงเทพ จำกัด (มหาชน),SERVICE,TRANS,บริษัท  ช.การช่าง จำกัด (มหาชน),42.26,MASS RAPID TRANSIT AUTHORITY OF THAILAND,8.22,ธนาคาร  กรุงไทย จำกัด (มหาชน),5.33,Thai NVDR Company Limited,3.16,SOCIAL SECURITY OFFICE,3.05
BH,BUMRUNGRAD HOSPITAL PUBLIC COMPANY LIMITED,บริษัท โรงพยาบาลบำรุงราษฎร์ จำกัด (มหาชน),SERVICE,HELTH,Thai NVDR Company Limited,10.63,บริษัท  กรุงเทพประกันภัย จำกัด (มหาชน),9.96,UOB KAY HIAN (HONG KONG) LIMITED - Client Account,7.78,BANGKOK BANK PUBLIC COMPANY LIMITED,6.7,SOUTH EAST ASIA UK (TYPE C) NOMINEES LIMITED,3.56
BJC,BERLI JUCKER PUBLIC COMPANY LIMITED,บริษัท เบอร์ลี่ ยุคเกอร์ จำกัด (มหาชน),SERVICE,COMM,บริษัท  ทีซีซี คอร์ปอเรชั่น จำกัด,45.68,บริษัท  ทีซีซี โฮลดิ้งส์ (2519) จำกัด,29.32,SOCIAL SECURITY OFFICE,4.1,RAFFLES NOMINEES (PTE) LIMITED,3.92,THE BANK OF NEW YORK (NOMINEES) LIMITED,2.58
BTS,BTS GROUP HOLDINGS PUBLIC COMPANY LIMITED,บริษัท บีทีเอส กรุ๊ป โฮลดิ้งส์ จำกัด (มหาชน),SERVICE,TRANS,MR. Keeree Kanjanapas,31.73,MR. Kavin Kanjanapas,11.17,Thai NVDR Company Limited,5.5,BANGKOK BANK PUBLIC COMPANY LIMITED,4.48,CITIBANK NOMINEES SINGAPORE PTE LTD-A/C GIC C,3.19
CBG,CARABAO GROUP PUBLIC COMPANY LIMITED,บริษัท คาราบาวกรุ๊ป จำกัด (มหาชน),AGRO,FOOD,SATHIENTHAMHOLDING COMPANY LIMITED,25.01,น.ส. ณัฐชไม ถนอมบูรณ์เจริญ,21.0,นาย ยืนยง โอภากุล,7.05,UBS AG SINGAPORE BRANCH - FOR CLIENTS' ACCOUNTS,4.59,Thai NVDR Company Limited,3.16
CCET,"CAL-COMP ELECTRONICS (THAILAND) PUBLIC CO., LTD.",บริษัท แคล-คอมพ์ อีเล็คโทรนิคส์ (ประเทศไทย) จำกัด (มหาชน),TECH,ETRON,KINPO ELECTRONICS. INC.,49.99,FAR EASTERN INTERNATIONAL BANK,15.84,KGI ASIA LIMITED,15.1,นาย วิทิต พงศ์พิโรดม,2.34,Thai NVDR Company Limited,1.62
CENTEL,CENTRAL PLAZA HOTEL PUBLIC COMPANY LIMITED,บริษัท โรงแรมเซ็นทรัลพลาซา จำกัด (มหาชน),SERVICE,TOURISM,บริษัท  เตียง จิราธิวัฒน์ จำกัด,5.0,UBS AG SINGAPORE BRANCH - FOR CLIENTS' ACCOUNTS,3.79,นาย นิติ โอสถานุเคราะห์,3.06,Thai NVDR Company Limited,2.57,นาย สุทธิเกียรติ จิราธิวัฒน์,2.31
COM7,COM7 PUBLIC COMPANY LIMITED,บริษัท คอมเซเว่น จำกัด (มหาชน),SERVICE,COMM,นาย สุระ คณิตทวีกุล,25.18,นาย พงศ์ศักดิ์ ธรรมธัชอารี,19.95,Thai NVDR Company Limited,9.2,THE BANK OF NEW YORK MELLON,4.35,MISS AREE PREECHANUKUL,2.98
CPALL,CP ALL PUBLIC COMPANY LIMITED,บริษัท ซีพี ออลล์ จำกัด (มหาชน),SERVICE,COMM,บริษัท  ซี.พี.เมอร์แชนไดซิ่ง จำกัด,30.42,Thai NVDR Company Limited,9.67,SOUTH EAST ASIA UK (TYPE C) NOMINEES LIMITED,3.59,SOCIAL SECURITY OFFICE,3.43,กองทุนรวม  วายุภักษ์หนึ่ง,3.21
CPF,CHAROEN POKPHAND FOODS PUBLIC COMPANY LIMITED,บริษัท เจริญโภคภัณฑ์อาหาร จำกัด (มหาชน),AGRO,FOOD,บริษัท  เครือเจริญโภคภัณฑ์ จำกัด,25.04,Thai NVDR Company Limited,10.32,UBS AG LONDON BRANCH,9.19,"CHAROEN POKPHAND HOLDING CO., LTD.",8.85,บริษัท  เจริญโภคภัณฑ์อาหาร จำกัด (มหาชน),2.94
CPN,CENTRAL PATTANA PUBLIC COMPANY LIMITED,บริษัท เซ็นทรัลพัฒนา จำกัด (มหาชน),PROPCON,PROP,บริษัท  เซ็นทรัลโฮลดิ้ง จำกัด,26.21,Thai NVDR Company Limited,6.87,กองทุนรวม  วายุภักษ์หนึ่ง,3.49,SOCIAL SECURITY OFFICE,3.33,นาย นิติ โอสถานุเคราะห์,2.39
CRC,CENTRAL RETAIL CORPORATION PUBLIC COMPANY LIMITED,บริษัท เซ็นทรัล รีเทล คอร์ปอเรชั่น จำกัด (มหาชน),SERVICE,COMM,บริษัท  ห้างเซ็นทรัล ดีพาทเมนท์สโตร์ จำกัด,35.06,Deutsche Bank AG Singapore PWM,4.61,SOCIAL SECURITY OFFICE,3.28,กองทุนรวม  วายุภักษ์หนึ่ง,2.77,Thai NVDR Company Limited,1.74
DELTA,DELTA ELECTRONICS (THAILAND) PUBLIC COMPANY LIMITED,บริษัทเดลต้า อีเลคโทรนิคส์ (ประเทศไทย) จำกัด (มหาชน),TECH,ETRON,DELTA ELECTRONICS INT'L (SINGAPORE) PTE. LTD.,42.85,CITI (NOMINEES) LIMITED-CBHK-PBGSG-RESTRICTED SHARES,13.86,DELTA INTERNATIONAL HOLDING LIMITED B.V.,12.71,DELTA ELECTRONICS INC.,5.54,UBS AG HONG KONG BRANCH - FOR CLIENTS' ACCOUNTS,4.38
EGCO,ELECTRICITY GENERATING PUBLIC COMPANY LIMITED,บริษัท ผลิตไฟฟ้า จำกัด (มหาชน),RESOURC,ENERG,การไฟฟ้าฝ่ายผลิตแห่งประเทศไทย,25.41,TEPDIA Generating B.V.,22.42,ELECTRICITY GENERATING AUTHORITY OF THAILAND SAVING AND CREDIT COOPERATIVE LIMITED,6.33,Thai NVDR Company Limited,5.08,SOCIAL SECURITY OFFICE,4.58
GPSC,GLOBAL POWER SYNERGY PUBLIC COMPANY LIMITED,บริษัท โกลบอล เพาเวอร์ ซินเนอร์ยี่ จำกัด (มหาชน),RESOURC,ENERG,บริษัท  ปตท. จำกัด (มหาชน),47.27,PTT GLOBAL CHEMICAL PUBLIC COMPANY LIMITED,10.0,บริษัท  ไทยออยล์ จำกัด (มหาชน),10.0,บริษัท  สยาม แมนเนจเม้นท์ โฮลดิ้ง จำกัด,7.96,กองทุนรวม  วายุภักษ์หนึ่ง,2.89
GULF,GULF DEVELOPMENT PUBLIC COMPANY LIMITED,บริษัท กัลฟ์ ดีเวลลอปเมนท์ จำกัด (มหาชน),RESOURC,ENERG,นาย สารัชถ์ รัตนาวะดี,29.28,UBS AG SINGAPORE BRANCH - FOR CLIENTS' ACCOUNTS,10.12,GULF CAPITAL HOLDINGS LIMITED,8.0,SINGTEL GLOBAL INVESTMENT PTE. LTD.,7.73,Thai NVDR Company Limited,4.29
HMPRO,HOME PRODUCT CENTER PUBLIC COMPANY LIMITED,บริษัท โฮม โปรดักส์ เซ็นเตอร์ จำกัด (มหาชน),SERVICE,COMM,บริษัท  แลนด์ แอนด์ เฮ้าส์ จำกัด (มหาชน),30.23,Quality Houses Public Company Limited,19.87,นาย นิติ โอสถานุเคราะห์,5.27,SOCIAL SECURITY OFFICE,4.79,Thai NVDR Company Limited,3.74
IVL,INDORAMA VENTURES PUBLIC COMPANY LIMITED,บริษัท อินโดรามา เวนเจอร์ส จำกัด (มหาชน),INDUS,PETRO,บริษัท  อินโดรามา รีซอสเซส จำกัด,65.69,Thai NVDR Company Limited,5.85,ธนาคาร  กรุงเทพ จำกัด (มหาชน),4.83,กองทุนรวม  วายุภักษ์หนึ่ง,3.49,SOCIAL SECURITY OFFICE,1.68
KBANK,KASIKORNBANK PUBLIC COMPANY LIMITED,ธนาคารกสิกรไทย จำกัด (มหาชน),FINCIAL,BANK,Thai NVDR Company Limited,12.76,บริษัท  กัลฟ์ ดีเวลลอปเมนท์ จำกัด (มหาชน),9.99,STATE STREET EUROPE LIMITED,5.85,SOUTH EAST ASIA UK (TYPE C) NOMINEES LIMITED,4.29,STATE STREET BANK AND TRUST COMPANY,3.9
KKP,KIATNAKIN PHATRA BANK PUBLIC COMPANY LIMITED,ธนาคารเกียรตินาคินภัทร จำกัด (มหาชน),FINCIAL,BANK,Thai NVDR Company Limited,14.63,บริษัท  โชติธนวัฒน์ จำกัด,5.33,บริษัท  น้ำตาลตะวันออก จำกัด,4.66,น.ส. ฐิตินันท์ วัธนเวคิน,4.09,ธนาคาร  เกียรตินาคินภัทร จำกัด (มหาชน),4.01
KTB,KRUNG THAI BANK PUBLIC COMPANY LIMITED,ธนาคารกรุงไทย จำกัด (มหาชน),FINCIAL,BANK,กองทุน  เพื่อการฟื้นฟูและพัฒนาระบบสถาบันการเงิน,55.07,Thai NVDR Company Limited,8.16,กองทุนรวม  วายุภักษ์หนึ่ง,3.16,STATE STREET EUROPE LIMITED,1.77,SOUTH EAST ASIA UK (TYPE C) NOMINEES LIMITED,1.75
KTC,KRUNGTHAI CARD PUBLIC COMPANY LIMITED,บริษัท บัตรกรุงไทย จำกัด (มหาชน),FINCIAL,FIN,ธนาคาร  กรุงไทย จำกัด (มหาชน),49.29,Thai NVDR Company Limited,6.55,นาย มงคล ประกิตชัยวัฒนา,5.37,SOUTH EAST ASIA UK (TYPE C) NOMINEES LIMITED,2.07,กองทุนรวม  วายุภักษ์หนึ่ง,1.72
LH,LAND AND HOUSES PUBLIC COMPANY LIMITED,บริษัทแลนด์แอนด์เฮ้าส์ จำกัด (มหาชน),PROPCON,PROP,นาย อนันต์ อัศวโภคิน,24.23,SOCIAL SECURITY OFFICE,6.39,บริษัท  เมย์แลนด์ จำกัด,5.67,Thai NVDR Company Limited,5.34,THE BANK OF NEW YORK MELLON,2.6
MINT,MINOR INTERNATIONAL PUBLIC COMPANY LIMITED,บริษัท ไมเนอร์ อินเตอร์เนชั่นแนล จำกัด (มหาชน),SERVICE,TOURISM,บริษัท  ไมเนอร์ โฮลดิ้ง (ไทย) จำกัด,16.17,UBS AG SINGAPORE BRANCH - FOR CLIENTS' ACCOUNTS,11.55,นาย นิติ โอสถานุเคราะห์,9.84,Thai NVDR Company Limited,6.5,SOCIAL SECURITY OFFICE,3.62
MTC,MUANGTHAI CAPITAL PUBLIC COMPANY LIMITED,บริษัท เมืองไทย แคปปิตอล จำกัด (มหาชน),FINCIAL,FIN,MRS. Daonapa Petampai,33.96,MR. Parithad Petampai,14.34,MR. SUKSIT PATCHARACHAI,14.15,UBS AG SINGAPORE BRANCH - FOR CLIENTS' ACCOUNTS,5.2,Thai NVDR Company Limited,3.21
OR,PTT OIL AND RETAIL BUSINESS PUBLIC COMPANY LIMITED,บริษัท ปตท. น้ำมันและการค้าปลีก จำกัด (มหาชน),RESOURC,ENERG,บริษัท  ปตท. จำกัด (มหาชน),75.0,Thai NVDR Company Limited,1.71,กองทุนรวม  วายุภักษ์หนึ่ง,1.57,SOUTH EAST ASIA UK (TYPE C) NOMINEES LIMITED,0.87,THE FEDERATION OF SAVINGS AND CREDIT COOPERATIVES OF THAILAND LIMITED,0.63
OSP,OSOTSPA PUBLIC COMPANY LIMITED,บริษัท โอสถสภา จำกัด (มหาชน),AGRO,FOOD,นาย นิติ โอสถานุเคราะห์,24.07,"BANK JULIUS BAER & CO. LTD, SINGAPORE",8.69,Thai NVDR Company Limited,3.9,นาย ภาสุรี โอสถานุเคราะห์,3.35,MISS QUESERA OSATHANUGRAH,3.14
PTT,PTT PUBLIC COMPANY LIMITED,บริษัท ปตท. จำกัด (มหาชน),RESOURC,ENERG,กระทรวงการคลัง,51.38,กองทุนรวม  วายุภักษ์หนึ่ง,7.83,Thai NVDR Company Limited,5.95,THE FEDERATION OF SAVINGS AND CREDIT COOPERATIVES OF THAILAND LIMITED,2.06,SOCIAL SECURITY OFFICE,1.77
PTTEP,PTT EXPLORATION AND PRODUCTION PUBLIC COMPANY LIMITED,บริษัท ปตท.สำรวจและผลิตปิโตรเลียม จำกัด (มหาชน),RESOURC,ENERG,บริษัท  ปตท. จำกัด (มหาชน),63.79,Thai NVDR Company Limited,6.69,กองทุนรวม  วายุภักษ์หนึ่ง,1.76,STATE STREET EUROPE LIMITED,1.71,บริษัท  สยาม แมนเนจเม้นท์ โฮลดิ้ง จำกัด,1.5
PTTGC,PTT GLOBAL CHEMICAL PUBLIC COMPANY LIMITED,บริษัท พีทีที โกลบอล เคมิคอล จำกัด (มหาชน),INDUS,PETRO,บริษัท  ปตท. จำกัด (มหาชน),45.18,Thai NVDR Company Limited,5.28,กองทุนรวม  วายุภักษ์หนึ่ง,3.36,บริษัท  สยาม แมนเนจเม้นท์ โฮลดิ้ง จำกัด,3.0,STATE STREET EUROPE LIMITED,2.53
RATCH,RATCH GROUP PUBLIC COMPANY LIMITED,บริษัท ราช กรุ๊ป จำกัด (มหาชน),RESOURC,ENERG,การไฟฟ้าฝ่ายผลิตแห่งประเทศไทย,45.0,ELECTRICITY GENERATING AUTHORITY OF THAILAND SAVING AND CREDIT COOPERATIVE LIMITED,6.19,SOCIAL SECURITY OFFICE,4.68,Thai NVDR Company Limited,3.77,MR. PRATEEP TANGMATITHAM,1.26
SAWAD,SRISAWAD CORPORATION PUBLIC COMPANY LIMITED,บริษัท ศรีสวัสดิ์ คอร์ปอเรชั่น จำกัด (มหาชน),FINCIAL,FIN,น.ส. ธิดา แก้วบุตตา,16.18,UBS AG SINGAPORE BRANCH - FOR CLIENTS' ACCOUNTS,11.74,น.ส. ดวงใจ แก้วบุตตา,8.14,Thai NVDR Company Limited,6.21,MRS. JARIYA KAEOBUTTA,5.94
SCB,SCB X PUBLIC COMPANY LIMITED,บริษัท เอสซีบี เอกซ์ จำกัด (มหาชน),FINCIAL,BANK,พระบาทสมเด็จพระวชิรเกล้าเจ้าอยู่หัว,23.58,กองทุนรวม  วายุภักษ์หนึ่ง,23.32,Thai NVDR Company Limited,5.41,SOCIAL SECURITY OFFICE,3.06,SOUTH EAST ASIA UK (TYPE C) NOMINEES LIMITED,3.04
SCC,THE SIAM CEMENT PUBLIC COMPANY LIMITED,บริษัท ปูนซิเมนต์ไทย จำกัด (มหาชน),PROPCON,CONMAT,พระบาทสมเด็จพระวชิรเกล้าเจ้าอยู่หัว,33.64,Thai NVDR Company Limited,7.66,SOCIAL SECURITY OFFICE,5.59,SOUTH EAST ASIA UK (TYPE C) NOMINEES LIMITED,3.16,STATE STREET EUROPE LIMITED,1.8
SCGP,SCG PACKAGING PUBLIC COMPANY LIMITED,บริษัท เอสซีจี แพคเกจจิ้ง จำกัด (มหาชน),INDUS,PKG,THE SIAM CEMENT PUBLIC COMPANY LIMITED,72.12,Thai NVDR Company Limited,2.32,SOCIAL SECURITY OFFICE,1.81,กองทุนรวม  วายุภักษ์หนึ่ง,1.8,บริษัท  ทุนลดาวัลย์ จำกัด,1.75
TCAP,THANACHART CAPITAL PUBLIC COMPANY LIMITED,บริษัท ทุนธนชาต จำกัด (มหาชน),FINCIAL,BANK,MBK PUBLIC COMPANY LIMITED,24.9,Thai NVDR Company Limited,8.03,MR. SOMCHAI LIMTHILAKUN,2.55,SOUTH EAST ASIA UK (TYPE C) NOMINEES LIMITED,2.43,DBS BANK LTD. AC DBS NOMINEES-PB CLIENTS,1.95
TIDLOR,TIDLOR HOLDINGS PUBLIC COMPANY LIMITED,บริษัท ติดล้อ โฮลดิ้งส์ จำกัด (มหาชน),FINCIAL,FIN,ธนาคาร  กรุงศรีอยุธยา จำกัด (มหาชน),46.51,Thai NVDR Company Limited,6.56,กองทุนรวม  วายุภักษ์หนึ่ง,3.39,9 BASIL PTE. LTD.,3.08,SOUTH EAST ASIA UK (TYPE C) NOMINEES LIMITED,2.03
TISCO,TISCO FINANCIAL GROUP PUBLIC COMPANY LIMITED,บริษัท ทิสโก้ไฟแนนเชียลกรุ๊ป จำกัด (มหาชน),FINCIAL,BANK,Thai NVDR Company Limited,11.96,CDIB & PARTNERS INVESTMENT HOLDING PTE.LTD.,10.0,TOKYO CENTURY CORPORATION,4.93,SOUTH EAST ASIA UK (TYPE C) NOMINEES LIMITED,3.28,บริษัท  ทุนธนชาต จำกัด (มหาชน),1.68
TLI,THAI LIFE INSURANCE PUBLIC COMPANY LIMITED,บริษัท ไทยประกันชีวิต จำกัด (มหาชน),FINCIAL,INSUR,บริษัท  วี.ซี.สมบัติ จำกัด,50.81,N.C.B.TRUST LIMITED-CBNA LDN MEIJI YASUDA LIFE G-A 091,17.0,HER SING (H.K.) LIMITED,5.6,BNP PARIBAS SINGAPORE BRANCH,1.93,กองทุนรวม  วายุภักษ์หนึ่ง,1.77
TOP,THAI OIL PUBLIC COMPANY LIMITED,บริษัท ไทยออยล์ จำกัด (มหาชน),RESOURC,ENERG,บริษัท  ปตท. จำกัด (มหาชน),45.03,Thai NVDR Company Limited,11.51,SOUTH EAST ASIA UK (TYPE C) NOMINEES LIMITED,3.37,บริษัท  สยาม แมนเนจเม้นท์ โฮลดิ้ง จำกัด,2.97,THE BANK OF NEW YORK MELLON,2.09
TRUE,TRUE CORPORATION PUBLIC COMPANY LIMITED,บริษัท ทรู คอร์ปอเรชั่น จำกัด (มหาชน),TECH,ICT,Arise Digital Technology Company Limited,24.95,Thai NVDR Company Limited,11.87,บริษัท  ซีพีเอช เทลโค จำกัด,10.69,บริษัท  เครือเจริญโภคภัณฑ์ จำกัด,9.04,CHINA MOBILE INTERNATIONAL HOLDINGS LIMITED,7.81
TTB,TMBTHANACHART BANK PUBLIC COMPANY LIMITED,ธนาคารทหารไทยธนชาต จำกัด (มหาชน),FINCIAL,BANK,บริษัท  ทุนธนชาต จำกัด (มหาชน),24.37,ING BANK N.V.,21.69,กระทรวงการคลัง,11.65,ธนาคาร  ทหารไทยธนชาต จำกัด (มหาชน),5.93,Thai NVDR Company Limited,5.68
TU,THAI UNION GROUP PUBLIC COMPANY LIMITED,บริษัท ไทยยูเนี่ยน กรุ๊ป จำกัด (มหาชน),AGRO,FOOD,บริษัท  ไทยยูเนี่ยน กรุ๊ป จำกัด (มหาชน),9.4,Thai NVDR Company Limited,8.66,MR. Thiraphong Chansiri,5.74,"MITSUBISHI UFJ MORGAN STANLEY SECURITIES CO.,LTD.",5.61,นาย เชง นิรุตตินานนท์,4.71
WHA,WHA CORPORATION PUBLIC COMPANY LIMITED,บริษัท ดับบลิวเอชเอ คอร์ปอเรชั่น จำกัด (มหาชน),PROPCON,PROP,MISS JAREEPORN JARUKORNSAKUL,23.49,MISS CHATCHAMOL ANANTAPRAYOON,9.07,Thai NVDR Company Limited,7.17,นาย นิติ โอสถานุเคราะห์,4.6,นาย ชัยวัฒน์ พู่พิสุทธิ์,4.55
